CustomerID,CustomerName,Segment,Region,JoinDate
C-0001,Chloe Davis,Returning,South,2024-04-09
C-0002,Omar Smith,New,East,2024-12-16
C-0003,Lily Miller,VIP,West,2024-06-21
C-0004,Owen Khan,New,West,2023-10-22
C-0005,Omar Miller,New,West,2023-06-18
C-0006,Mia Wright,New,East,2024-03-07
C-0007,Ivy Wilson,Returning,West,2023-12-15
C-0008,Aria Khan,New,East,2024-08-16
C-0009,Ivy Wright,New,North,2024-04-30
C-0010,Ivy Davis,VIP,West,2025-01-18
C-0011,Ivy Moore,VIP,East,2023-10-19
C-0012,Aria Wilson,New,North,2023-01-24
C-0013,Mia Johnson,VIP,East,2024-05-20
C-0014,Nina Smith,Returning,West,2023-05-13
C-0015,Lily Khan,New,West,2025-06-11
C-0016,Hazel Brown,New,West,2024-02-16
C-0017,Hazel Brown,VIP,West,2025-06-03
C-0018,Stella Moore,New,South,2024-01-03
C-0019,Emma Nguyen,New,South,2023-03-26
C-0020,Lily Hall,New,East,2023-01-13
C-0021,Ava Nguyen,Returning,East,2023-10-16
C-0022,Leo Miller,New,North,2024-09-16
C-0023,Omar Wright,Returning,West,2024-04-12
C-0024,Mason Moore,New,West,2024-02-12
C-0025,Mason Patel,New,North,2024-10-11
C-0026,Aria Kim,New,East,2023-08-02
C-0027,Mia Garcia,New,South,2024-09-07
C-0028,Liam Wilson,Returning,North,2024-07-03
C-0029,Olivia Young,Returning,South,2023-03-14
C-0030,Aiden Wilson,Returning,East,2024-10-11
C-0031,Liam Garcia,Returning,West,2024-04-30
C-0032,Lily Davis,New,South,2024-05-06
C-0033,Nina Miller,VIP,East,2023-04-15
C-0034,Ivy Kim,Returning,North,2024-05-05
C-0035,Nora Wilson,New,North,2023-07-30
C-0036,Nora Davis,VIP,North,2025-02-15
C-0037,Aiden Lee,Returning,South,2024-12-13
C-0038,Omar Smith,Returning,East,2023-12-31
C-0039,Sophia Young,VIP,South,2024-10-13
C-0040,Sophia Moore,VIP,South,2025-04-05
C-0041,Nora Anderson,Returning,North,2023-07-24
C-0042,Aiden Anderson,Returning,South,2023-01-29
C-0043,Owen Wilson,Returning,East,2024-12-10
C-0044,Zoe Smith,New,South,2024-01-09
C-0045,Olivia Miller,New,West,2024-04-26
C-0046,Owen Sharma,Returning,East,2024-10-01
C-0047,Ruby Khan,VIP,North,2025-03-29
C-0048,Ivy Johnson,Returning,South,2024-02-02
C-0049,Ruby Miller,New,West,2024-03-20
C-0050,Mason Khan,VIP,South,2024-04-19
C-0051,Noah Sharma,New,West,2023-06-24
C-0052,Ruby Nguyen,Returning,West,2025-04-05
C-0053,Chloe Nguyen,Returning,South,2024-11-04
C-0054,Ava King,New,South,2023-01-22
C-0055,Olivia Johnson,New,East,2024-03-20
C-0056,Lucas Lee,Returning,East,2023-08-06
C-0057,Hazel Taylor,New,North,2023-09-23
C-0058,Chloe Thomas,VIP,West,2025-01-27
C-0059,Nora Nguyen,Returning,South,2025-04-26
C-0060,Nora Sharma,Returning,South,2024-06-20
C-0061,Ava Nguyen,New,South,2024-09-15
C-0062,Owen Garcia,Returning,North,2024-04-29
C-0063,Stella Lee,Returning,West,2023-11-30
C-0064,Omar Garcia,Returning,North,2025-03-14
C-0065,Olivia Brown,New,North,2023-09-12
C-0066,Aria Walker,New,North,2024-06-03
C-0067,Ella Young,Returning,South,2024-03-29
C-0068,Aiden Thomas,Returning,West,2024-12-10
C-0069,Sophia Lee,Returning,South,2024-06-03
C-0070,Aria Nguyen,Returning,North,2025-05-10
C-0071,Aria Miller,New,South,2024-02-06
C-0072,Zoe Johnson,VIP,East,2024-03-14
C-0073,Liam Nguyen,VIP,East,2025-03-13
C-0074,Aiden Nguyen,Returning,South,2023-05-27
C-0075,Liam Moore,Returning,South,2025-02-03
C-0076,Sophia Kim,VIP,West,2024-11-14
C-0077,Mason Miller,Returning,South,2024-06-11
C-0078,Ella Khan,VIP,East,2024-01-01
C-0079,Ella Walker,Returning,West,2023-01-20
C-0080,Ava Moore,Returning,East,2024-12-21
C-0081,Zoe Garcia,New,North,2024-06-08
C-0082,Aiden Brown,New,South,2023-03-28
C-0083,Omar Nguyen,Returning,East,2023-10-04
C-0084,Noah Walker,Returning,West,2024-02-20
C-0085,Ella Khan,Returning,North,2024-12-18
C-0086,Ivy Kim,Returning,North,2025-03-29
C-0087,Ava King,New,East,2023-10-03
C-0088,Owen Smith,New,East,2023-03-27
C-0089,Liam Thomas,New,East,2025-06-02
C-0090,Ethan Brown,Returning,South,2024-07-20
C-0091,Nora Smith,New,South,2023-02-14
C-0092,Mia Kim,New,East,2023-09-26
C-0093,Lucas Lee,VIP,South,2024-10-05
C-0094,Aria Lee,VIP,South,2023-10-24
C-0095,Chloe Sharma,Returning,North,2023-10-05
C-0096,Ava Lee,Returning,South,2023-01-16
C-0097,Lily Smith,Returning,North,2024-06-10
C-0098,Ruby Taylor,VIP,West,2024-11-05
C-0099,Mason Lee,Returning,South,2024-07-13
C-0100,Ella Johnson,VIP,South,2023-08-24
C-0101,Chloe Patel,New,North,2024-02-19
C-0102,Ruby Brown,Returning,South,2023-03-14
C-0103,Zoe Wright,Returning,East,2023-02-26
C-0104,Sophia Davis,New,West,2024-09-05
C-0105,Emma Brown,Returning,North,2023-07-09
C-0106,Chloe Miller,Returning,East,2023-09-27
C-0107,Mia Davis,New,East,2023-09-08
C-0108,Ava Miller,Returning,North,2023-07-07
C-0109,Aiden Lee,VIP,South,2024-05-01
C-0110,Nora Sharma,New,East,2023-09-12
C-0111,Zoe Nguyen,Returning,North,2025-04-16
C-0112,Ava Davis,Returning,South,2024-02-08
C-0113,Leo Lee,VIP,South,2023-03-28
C-0114,Ivy Young,Returning,East,2024-11-04
C-0115,Lily Nguyen,Returning,South,2025-01-07
C-0116,Ivy Lee,VIP,West,2023-02-14
C-0117,Ivy Lee,New,North,2025-01-21
C-0118,Stella Hall,VIP,South,2025-04-26
C-0119,Ava Patel,New,East,2023-03-29
C-0120,Mason Thomas,Returning,North,2023-04-18
C-0121,Ava King,Returning,South,2024-10-04
C-0122,Aiden Sharma,Returning,North,2024-05-16
C-0123,Nora Walker,New,North,2025-02-05
C-0124,Nina Anderson,Returning,North,2025-02-02
C-0125,Aiden Smith,VIP,South,2025-05-16
C-0126,Nina King,Returning,West,2023-08-25
C-0127,Mason Khan,Returning,East,2025-05-15
C-0128,Mia Young,VIP,South,2025-02-24
C-0129,Owen Nguyen,Returning,East,2023-03-21
C-0130,Nina Davis,Returning,South,2024-10-29
C-0131,Lily Patel,Returning,East,2023-01-13
C-0132,Liam Johnson,VIP,West,2024-11-19
C-0133,Ivy Lee,Returning,West,2023-10-25
C-0134,Aria Garcia,Returning,South,2024-04-22
C-0135,Zoe Anderson,New,East,2023-11-16
C-0136,Zoe Lee,Returning,East,2024-04-14
C-0137,Olivia Johnson,New,North,2024-02-01
C-0138,Nina Lee,Returning,East,2023-05-26
C-0139,Owen King,Returning,East,2023-05-16
C-0140,Ivy Wilson,New,West,2023-04-26
C-0141,Lily Moore,New,South,2025-06-16
C-0142,Lily Wright,Returning,West,2023-01-04
C-0143,Nina Nguyen,Returning,East,2023-11-06
C-0144,Ella Garcia,Returning,North,2024-01-21
C-0145,Omar Miller,Returning,North,2023-11-29
C-0146,Ivy Sharma,VIP,East,2023-07-20
C-0147,Chloe Khan,Returning,West,2023-09-17
C-0148,Leo Khan,Returning,West,2025-06-09
C-0149,Aiden Patel,Returning,North,2025-02-12
C-0150,Stella Davis,VIP,South,2023-02-22
C-0151,Aiden Taylor,Returning,East,2023-09-13
C-0152,Omar Wilson,Returning,North,2023-07-14
C-0153,Omar King,Returning,South,2025-04-11
C-0154,Zoe Patel,VIP,West,2025-01-06
C-0155,Owen Nguyen,VIP,East,2024-04-06
C-0156,Mia Walker,New,South,2024-05-12
C-0157,Ethan Miller,Returning,East,2024-04-28
C-0158,Nina King,Returning,West,2023-09-19
C-0159,Sophia Davis,Returning,West,2024-11-02
C-0160,Emma King,New,North,2023-05-03
C-0161,Nora Anderson,Returning,South,2023-08-01
C-0162,Ella Thomas,Returning,South,2024-04-08
C-0163,Olivia Smith,New,South,2024-07-14
C-0164,Hazel Khan,Returning,South,2023-12-17
C-0165,Aiden Hall,New,North,2024-01-13
C-0166,Ethan Moore,Returning,South,2025-02-06
C-0167,Aiden Miller,VIP,North,2024-01-21
C-0168,Aiden Hall,Returning,South,2024-05-25
C-0169,Nora Lee,VIP,South,2024-12-04
C-0170,Aiden Smith,Returning,West,2023-04-05
C-0171,Aria Taylor,Returning,North,2024-10-23
C-0172,Mia Taylor,VIP,West,2023-05-11
C-0173,Lily Sharma,New,West,2024-08-24
C-0174,Nora Thomas,Returning,South,2025-04-25
C-0175,Liam Smith,New,South,2025-03-12
C-0176,Stella Garcia,VIP,West,2024-06-18
C-0177,Hazel Patel,New,South,2023-03-29
C-0178,Leo Patel,VIP,East,2023-08-27
C-0179,Ruby Brown,Returning,West,2023-05-12
C-0180,Omar Garcia,New,North,2024-12-16
C-0181,Nora Hall,New,West,2023-11-04
C-0182,Sophia Young,New,North,2023-09-25
C-0183,Lucas Thomas,Returning,East,2024-07-04
C-0184,Sophia Anderson,Returning,South,2024-10-22
C-0185,Sophia Sharma,Returning,East,2024-07-14
C-0186,Ava Johnson,Returning,West,2023-02-26
C-0187,Aiden Smith,VIP,West,2023-03-25
C-0188,Sophia Anderson,New,East,2024-01-15
C-0189,Ethan Wilson,VIP,West,2025-01-05
C-0190,Ava Davis,VIP,North,2023-07-22
C-0191,Lily Johnson,Returning,South,2023-07-30
C-0192,Aria Smith,Returning,East,2023-08-25
C-0193,Owen Anderson,Returning,South,2023-04-22
C-0194,Lily Taylor,VIP,North,2023-08-17
C-0195,Noah Moore,New,South,2024-09-01
C-0196,Owen Nguyen,Returning,North,2023-01-25
C-0197,Mia Kim,Returning,West,2024-12-27
C-0198,Ella Garcia,New,South,2024-12-30
C-0199,Olivia Kim,VIP,West,2023-12-04
C-0200,Lucas Wright,VIP,West,2023-02-02
C-0201,Chloe Miller,Returning,South,2025-05-09
C-0202,Ava Khan,Returning,North,2023-04-22
C-0203,Ethan Garcia,Returning,South,2023-12-26
C-0204,Chloe Davis,Returning,North,2024-01-25
C-0205,Ivy Anderson,New,East,2023-02-20
C-0206,Aria Johnson,Returning,East,2024-07-08
C-0207,Lily Sharma,VIP,West,2025-01-25
C-0208,Ruby Moore,New,West,2023-09-11
C-0209,Aria Khan,New,East,2023-02-05
C-0210,Nina Khan,Returning,East,2023-07-19
C-0211,Aiden Miller,Returning,North,2024-01-07
C-0212,Nina Miller,Returning,East,2023-09-26
C-0213,Nina Young,VIP,North,2023-01-04
C-0214,Sophia Garcia,Returning,West,2023-01-25
C-0215,Mason Brown,Returning,West,2025-03-05
C-0216,Lily Kim,New,East,2023-05-16
C-0217,Ivy Nguyen,Returning,South,2025-04-22
C-0218,Ella Thomas,Returning,North,2023-12-02
C-0219,Olivia Moore,VIP,South,2024-06-08
C-0220,Ethan Khan,VIP,North,2023-09-11
C-0221,Hazel Walker,Returning,South,2024-05-08
C-0222,Liam Khan,Returning,North,2024-03-12
C-0223,Liam Taylor,Returning,West,2023-08-02
C-0224,Sophia Nguyen,Returning,West,2023-06-27
C-0225,Stella Smith,VIP,North,2024-09-27
C-0226,Lucas Davis,Returning,East,2025-03-09
C-0227,Aiden Brown,New,West,2024-01-17
C-0228,Emma Smith,Returning,South,2023-09-11
C-0229,Leo Johnson,Returning,North,2023-10-16
C-0230,Aiden Smith,Returning,South,2024-02-10
C-0231,Liam King,Returning,North,2024-10-27
C-0232,Ava Anderson,New,West,2023-04-15
C-0233,Mia Davis,New,North,2024-01-18
C-0234,Olivia Young,Returning,South,2023-02-21
C-0235,Chloe Lee,New,West,2023-03-18
C-0236,Aiden Wright,New,North,2024-09-09
C-0237,Owen Young,Returning,South,2024-10-14
C-0238,Chloe Miller,New,North,2023-02-08
C-0239,Aiden Patel,Returning,South,2023-07-28
C-0240,Ava Miller,Returning,East,2025-04-14
C-0241,Owen Davis,New,South,2023-07-09
C-0242,Lily Walker,Returning,North,2023-02-02
C-0243,Liam Moore,VIP,South,2024-02-22
C-0244,Hazel Khan,VIP,South,2024-10-16
C-0245,Ivy Brown,Returning,East,2024-02-12
C-0246,Lucas Taylor,New,East,2024-11-14
C-0247,Leo Wilson,Returning,West,2025-02-02
C-0248,Omar Wilson,VIP,South,2023-01-19
C-0249,Nina Moore,New,North,2024-02-05
C-0250,Emma Taylor,New,North,2024-03-20
C-0251,Leo Wilson,Returning,South,2024-02-20
C-0252,Ava Patel,Returning,South,2023-05-14
C-0253,Mason Khan,Returning,East,2024-10-18
C-0254,Nora Kim,New,East,2025-01-24
C-0255,Emma Lee,New,North,2023-10-18
C-0256,Mason Anderson,VIP,South,2023-04-22
C-0257,Noah Patel,Returning,East,2023-11-05
C-0258,Owen King,Returning,North,2023-02-24
C-0259,Owen Kim,VIP,South,2024-12-30
C-0260,Mason Young,New,West,2024-09-27
C-0261,Leo Johnson,New,West,2023-07-07
C-0262,Emma Moore,Returning,North,2024-06-14
C-0263,Sophia Johnson,New,North,2023-06-03
C-0264,Ella Garcia,Returning,West,2024-11-14
C-0265,Ruby Davis,VIP,West,2024-07-17
C-0266,Leo Smith,Returning,West,2023-11-12
C-0267,Chloe Thomas,Returning,West,2024-11-05
C-0268,Ava Sharma,Returning,West,2023-07-03
C-0269,Sophia Thomas,VIP,West,2024-04-21
C-0270,Emma Anderson,Returning,North,2025-05-06
C-0271,Noah Wilson,Returning,East,2023-03-10
C-0272,Aria Lee,Returning,North,2023-04-04
C-0273,Ruby Nguyen,New,East,2023-02-11
C-0274,Nina Lee,New,North,2025-03-07
C-0275,Nora Moore,VIP,South,2025-02-09
C-0276,Zoe Young,VIP,North,2023-01-27
C-0277,Noah Anderson,Returning,South,2023-07-18
C-0278,Nina Smith,New,East,2024-12-03
C-0279,Omar Brown,New,East,2024-09-17
C-0280,Aiden Thomas,New,East,2024-09-20
C-0281,Lily Johnson,Returning,East,2024-05-29
C-0282,Nora Smith,Returning,East,2024-09-22
C-0283,Olivia Kim,Returning,South,2023-02-07
C-0284,Aiden Wright,Returning,West,2024-10-13
C-0285,Aiden Garcia,VIP,North,2023-06-22
C-0286,Chloe Thomas,Returning,North,2024-10-13
C-0287,Hazel King,Returning,East,2023-09-16
C-0288,Mason Wilson,Returning,South,2023-09-29
C-0289,Ella Khan,Returning,South,2024-01-04
C-0290,Owen Patel,Returning,East,2023-06-30
C-0291,Ruby Hall,VIP,East,2023-11-14
C-0292,Ava Patel,New,South,2025-01-20
C-0293,Owen King,Returning,West,2023-10-25
C-0294,Chloe Patel,New,West,2024-06-08
C-0295,Owen King,New,North,2023-08-21
C-0296,Ava Hall,Returning,East,2023-02-25
C-0297,Nora Wilson,Returning,South,2023-04-19
C-0298,Leo Davis,Returning,South,2024-02-28
C-0299,Chloe Young,Returning,South,2023-07-29
C-0300,Ava Smith,VIP,South,2023-05-18
C-0301,Liam Khan,VIP,South,2024-04-06
C-0302,Stella Brown,Returning,East,2025-06-11
C-0303,Mia King,Returning,East,2023-01-12
C-0304,Ruby Hall,Returning,West,2024-08-31
C-0305,Emma Sharma,New,North,2023-09-12
C-0306,Ava Moore,New,South,2024-06-28
C-0307,Mia Garcia,New,South,2023-06-13
C-0308,Ethan Johnson,Returning,West,2023-05-26
C-0309,Owen Kim,Returning,East,2025-04-12
C-0310,Lucas King,New,West,2023-03-07
C-0311,Hazel Sharma,Returning,West,2025-01-02
C-0312,Aria Khan,VIP,West,2025-02-02
C-0313,Sophia Garcia,Returning,South,2023-06-29
C-0314,Mia Garcia,Returning,East,2024-10-21
C-0315,Mia Brown,VIP,West,2024-12-29
C-0316,Nora Brown,Returning,South,2024-12-03
C-0317,Nora Sharma,New,East,2023-03-29
C-0318,Nina Johnson,New,East,2023-08-30
C-0319,Mason Miller,Returning,South,2023-07-16
C-0320,Ruby Wright,Returning,West,2024-01-24
C-0321,Nora Sharma,New,West,2024-04-28
C-0322,Sophia Hall,Returning,South,2025-01-12
C-0323,Owen Hall,New,South,2024-02-05
C-0324,Mia Sharma,New,North,2023-05-29
C-0325,Emma Wilson,New,North,2024-09-28
C-0326,Mia Nguyen,VIP,North,2023-02-01
C-0327,Zoe Patel,New,East,2024-12-14
C-0328,Hazel Wright,New,West,2023-07-24
C-0329,Sophia Johnson,New,North,2023-04-20
C-0330,Mia King,New,East,2023-02-04
C-0331,Liam Nguyen,New,South,2024-05-03
C-0332,Ella Miller,Returning,East,2023-10-29
C-0333,Chloe Brown,Returning,North,2023-01-22
C-0334,Omar Wilson,Returning,West,2025-01-02
C-0335,Lucas Young,VIP,North,2025-05-21
C-0336,Ethan Sharma,Returning,North,2025-03-18
C-0337,Lily Patel,Returning,South,2023-12-22
C-0338,Zoe Hall,Returning,South,2025-01-01
C-0339,Ava Lee,New,East,2024-03-22
C-0340,Omar Patel,New,East,2025-02-19
C-0341,Liam Anderson,VIP,South,2024-05-17
C-0342,Leo Wilson,Returning,East,2024-05-21
C-0343,Emma Davis,New,South,2024-08-14
C-0344,Emma Garcia,VIP,North,2024-05-25
C-0345,Ivy Walker,New,East,2024-05-17
C-0346,Liam Moore,Returning,North,2023-12-31
C-0347,Ruby Sharma,Returning,South,2024-03-08
C-0348,Aiden Taylor,Returning,South,2023-11-07
C-0349,Ruby Smith,Returning,South,2024-01-24
C-0350,Owen Young,VIP,North,2024-06-28
C-0351,Leo Miller,Returning,South,2023-12-23
C-0352,Aria Wright,Returning,East,2025-06-07
C-0353,Aria Thomas,VIP,East,2023-06-23
C-0354,Sophia Nguyen,Returning,West,2024-08-16
C-0355,Ivy Smith,Returning,South,2024-10-20
C-0356,Lucas Young,New,South,2023-10-01
C-0357,Nina Miller,Returning,East,2023-09-11
C-0358,Sophia Miller,New,East,2023-06-14
C-0359,Liam Kim,VIP,North,2025-01-16
C-0360,Mason Nguyen,New,East,2023-07-20
C-0361,Lucas Taylor,Returning,South,2025-01-20
C-0362,Ruby Garcia,Returning,South,2023-04-22
C-0363,Aria Patel,New,West,2024-02-02
C-0364,Ethan Smith,Returning,East,2025-05-24
C-0365,Ava Nguyen,Returning,West,2024-04-19
C-0366,Nina Smith,Returning,West,2023-01-06
C-0367,Sophia Wright,VIP,South,2025-05-16
C-0368,Emma King,New,West,2024-11-26
C-0369,Ella Brown,VIP,North,2024-03-18
C-0370,Sophia Moore,VIP,South,2024-03-05
C-0371,Ethan Anderson,Returning,North,2023-09-14
C-0372,Ethan Lee,VIP,South,2024-09-28
C-0373,Ella Sharma,Returning,West,2024-11-01
C-0374,Mia Brown,Returning,South,2023-04-19
C-0375,Ivy Johnson,Returning,East,2023-06-14
C-0376,Leo Thomas,Returning,South,2023-04-14
C-0377,Lily Lee,New,East,2025-01-04
C-0378,Ella Taylor,VIP,West,2024-06-18
C-0379,Stella Kim,Returning,North,2023-08-04
C-0380,Owen Wilson,VIP,North,2025-01-16
C-0381,Aiden Moore,Returning,North,2023-09-16
C-0382,Zoe Taylor,Returning,East,2023-01-14
C-0383,Aiden Garcia,New,East,2024-08-17
C-0384,Mason Lee,New,West,2025-01-29
C-0385,Olivia Kim,New,North,2024-04-18
C-0386,Ruby Johnson,Returning,South,2025-04-09
C-0387,Noah Wilson,VIP,West,2025-04-14
C-0388,Lucas Walker,VIP,South,2024-04-24
C-0389,Lily Wilson,New,East,2025-03-09
C-0390,Mason Wright,Returning,West,2024-12-22
C-0391,Emma Anderson,New,East,2024-11-26
C-0392,Sophia King,Returning,East,2024-01-02
C-0393,Lily Taylor,Returning,North,2024-05-06
C-0394,Chloe Nguyen,Returning,West,2024-11-06
C-0395,Zoe Hall,Returning,South,2023-02-28
C-0396,Chloe King,Returning,North,2024-06-27
C-0397,Ava Johnson,New,East,2024-11-04
C-0398,Owen Garcia,Returning,South,2023-09-14
C-0399,Sophia Kim,VIP,West,2025-05-24
C-0400,Noah Johnson,Returning,South,2023-12-21
C-0401,Ivy Young,New,East,2024-09-16
C-0402,Lily Johnson,Returning,North,2023-07-22
C-0403,Aria Wright,New,North,2025-01-29
C-0404,Ethan Smith,New,West,2023-09-28
C-0405,Hazel Patel,Returning,West,2024-05-19
C-0406,Ivy Anderson,Returning,West,2023-05-28
C-0407,Hazel Young,VIP,North,2023-06-18
C-0408,Ella Thomas,VIP,West,2023-06-14
C-0409,Lucas Thomas,Returning,West,2024-11-12
C-0410,Stella Khan,New,East,2024-03-04
C-0411,Ruby Sharma,New,North,2024-10-13
C-0412,Nina Miller,New,West,2024-11-29
C-0413,Omar Nguyen,New,South,2024-05-11
C-0414,Ethan King,New,East,2025-01-05
C-0415,Stella Wilson,Returning,West,2023-04-07
C-0416,Nora Walker,VIP,South,2025-03-08
C-0417,Ethan Miller,Returning,East,2023-10-18
C-0418,Mia Davis,Returning,East,2024-07-21
C-0419,Lily Moore,Returning,East,2025-04-27
C-0420,Nora Wilson,New,West,2025-06-12
C-0421,Liam Miller,New,East,2025-03-21
C-0422,Lucas Nguyen,Returning,North,2024-12-31
C-0423,Mia Moore,VIP,West,2025-03-14
C-0424,Leo Patel,Returning,East,2024-07-12
C-0425,Ava Patel,New,West,2023-04-22
C-0426,Omar Wright,New,West,2024-09-15
C-0427,Noah King,VIP,North,2024-09-23
C-0428,Mia Wright,VIP,West,2023-08-06
C-0429,Omar Kim,New,South,2024-10-02
C-0430,Mia Taylor,VIP,North,2025-06-09
C-0431,Ava Wilson,New,East,2024-11-02
C-0432,Ivy Brown,Returning,South,2024-07-29
C-0433,Mia Miller,New,West,2024-03-07
C-0434,Ruby Hall,New,West,2024-08-02
C-0435,Nora Patel,New,West,2024-08-04
C-0436,Ivy Moore,Returning,North,2024-08-12
C-0437,Stella Moore,Returning,South,2023-01-15
C-0438,Omar Taylor,Returning,North,2024-05-01
C-0439,Ruby Anderson,New,South,2023-03-26
C-0440,Ava Taylor,New,North,2024-10-03
C-0441,Stella Garcia,New,South,2024-12-01
C-0442,Liam Nguyen,Returning,North,2025-06-09
C-0443,Nina Hall,Returning,West,2023-10-10
C-0444,Nina Kim,New,East,2025-01-21
C-0445,Nina Nguyen,VIP,North,2025-03-03
C-0446,Ruby Walker,VIP,West,2023-10-28
C-0447,Stella Brown,New,North,2024-04-16
C-0448,Mia Sharma,VIP,North,2023-01-12
C-0449,Lucas Davis,VIP,South,2024-02-03
C-0450,Lily Young,New,East,2025-05-31
C-0451,Leo Thomas,Returning,South,2024-01-12
C-0452,Liam Wilson,VIP,South,2023-05-29
C-0453,Ethan Anderson,Returning,West,2024-10-06
C-0454,Omar Hall,Returning,East,2023-10-06
C-0455,Mia Young,VIP,East,2023-10-14
C-0456,Owen Sharma,New,East,2025-06-09
C-0457,Ethan Smith,Returning,West,2024-08-21
C-0458,Mason Young,VIP,South,2024-12-02
C-0459,Aria Davis,VIP,North,2025-04-06
C-0460,Aiden Brown,Returning,South,2023-11-26
C-0461,Omar Patel,Returning,South,2024-08-23
C-0462,Leo Nguyen,Returning,West,2025-04-11
C-0463,Hazel Khan,Returning,West,2023-12-22
C-0464,Mason Johnson,VIP,South,2025-03-27
C-0465,Owen Patel,VIP,West,2023-11-13
C-0466,Ivy Johnson,Returning,North,2024-04-21
C-0467,Mason Thomas,Returning,North,2025-03-21
C-0468,Chloe Khan,New,West,2024-07-03
C-0469,Nora Brown,Returning,East,2024-08-16
C-0470,Nora Hall,New,South,2024-05-03
C-0471,Olivia Khan,New,East,2023-08-06
C-0472,Leo Hall,Returning,West,2024-01-07
C-0473,Nora Nguyen,Returning,North,2025-03-09
C-0474,Chloe Garcia,Returning,West,2024-05-20
C-0475,Zoe Nguyen,Returning,North,2025-03-17
C-0476,Aiden Lee,Returning,North,2023-12-20
C-0477,Mia Johnson,Returning,West,2023-04-07
C-0478,Leo Johnson,Returning,East,2024-08-23
C-0479,Liam Thomas,VIP,South,2024-03-12
C-0480,Mia Miller,New,South,2023-09-18
C-0481,Zoe Sharma,New,North,2024-01-23
C-0482,Chloe Thomas,Returning,North,2024-07-24
C-0483,Owen King,Returning,North,2025-06-02
C-0484,Zoe Brown,Returning,South,2024-12-24
C-0485,Zoe Wright,Returning,West,2024-10-18
C-0486,Aria Kim,Returning,South,2023-07-07
C-0487,Sophia Kim,New,East,2025-01-08
C-0488,Mia Walker,New,North,2023-12-27
C-0489,Nora King,VIP,West,2023-09-22
C-0490,Liam Nguyen,Returning,North,2023-02-27
C-0491,Stella Davis,Returning,West,2023-07-23
C-0492,Ruby Garcia,Returning,East,2025-02-15
C-0493,Aiden Moore,New,East,2024-01-16
C-0494,Mason Kim,Returning,South,2024-05-07
C-0495,Noah Wright,New,West,2025-04-06
C-0496,Olivia Patel,New,South,2025-01-04
C-0497,Owen Wilson,VIP,South,2023-03-21
C-0498,Aria Garcia,Returning,North,2025-03-07
C-0499,Zoe Thomas,Returning,East,2024-10-05
C-0500,Sophia Anderson,New,East,2025-04-22
